{"capture_base":"E_Pb-4ttzG9Wgo4r904yVpok9eN3012Ta8qzZa7eYEmo","digest":"EADjMfs60CknrBIi2AULudeEkb02CzWtBPVSU9wd96Rg","type":"spec/overlays/information/1.0","language":"en","attribute_information":{"ANIMAL_ID":"INTERBULL REGISTRATION CODE WHICH HAS EXACTLY 19 CHARACTERS. MADE UP OF FOUR COMPONENTS: BREED (3), COUNTRY (3), SEX(1), REGISTRATION NUMBER(12)","BIRTH_DATE":"","DAM_ID":"12 DIGIT ALPHANUMERIC FIELD THAT CONTAIN THE UNIQUE IDENTIFICATION NUMBER ASSIGNED TO THE ANIMAL BY THE RESPECTIVE BREED ASSOCIATION. IT HAS TO BE RIGHT JUSTIFIED IN THE FIELD (WITH LEADING '0'S).","FILE_TYPE":"","PROJECT":"","REGISTERED_NAME":"","SIRE_ID":"12 DIGIT ALPHANUMERIC FIELD THAT CONTAIN THE UNIQUE IDENTIFICATION NUMBER ASSIGNED TO THE ANIMAL BY THE RESPECTIVE BREED ASSOCIATION. IT HAS TO BE RIGHT JUSTIFIED IN THE FIELD (WITH LEADING '0'S).","SOURCE_OF_DATA":"See contacts list under \"Source of Data\" column","TRANSACTION_TYPE":""}}