{
  "files": {
    "E_Pb-4ttzG9Wgo4r904yVpok9eN3012Ta8qzZa7eYEmo": {
      "character_encoding": "ET_Ohs8ySIksijaIcRobBlT5RUHIMS-pjgEywnqjtPQY",
      "conformance": "EMMe2y8Uzan3b9dH0mEq1lrzkOh1LnQMbD_NduG1OBrw",
      "entry (en)": "E6hHdvC2NWhNGfekf3aBfUbEBTwTApuq6S4FxDm2gzjw",
      "entry_code": "ELiS9kL2rviDEPqzdmm7-mz13PiOXj7D0DYvSQfxyDD8",
      "information (en)": "EADjMfs60CknrBIi2AULudeEkb02CzWtBPVSU9wd96Rg",
      "label (en)": "Ezj97fYN5Gr11xEGmQqfJtAv4Msr9dzNgB-W5oyJAH9k",
      "meta (en)": "E9hGlMfRmK9qX0jJrXcBuom23cEI_aMSZNW4XCEH4vAc"
    }
  },
  "root": "E_Pb-4ttzG9Wgo4r904yVpok9eN3012Ta8qzZa7eYEmo"
}