{"capture_base":"EOL30trcT6Ce7zyxj2QfV5JOVKH5sfXVXOJdsBhoh6vI","digest":"ERpREYa0K5_cCUKhpTdjqnFRcrT7YW3VvQ1OjZyOgSpE","type":"spec/overlays/character_encoding/1.0","default_character_encoding":"utf-8","attribute_character_encoding":{"ANIMAL_ID":"utf-8","DATE_OF_GENOTYPE_TEST":"utf-8","FILE_TYPE":"utf-8","GENOTYPE":"utf-8","IMPUTATION_USED_TO_GENERATE_DATA":"utf-8","PANEL_TYPE_BEFORE_IMPUTATION":"utf-8","PROJECT":"utf-8","SAMPLE_ID":"utf-8","SNP_CHIP_PANEL_TYPE":"utf-8","SOURCE_OF_DATA":"utf-8","TRANSACTION_TYPE":"utf-8"}}