{"capture_base":"EOL30trcT6Ce7zyxj2QfV5JOVKH5sfXVXOJdsBhoh6vI","digest":"Ersu-KzbK_Bi8yCxhjTB_4UXXpdFRsCFf-OtLs7HokLw","type":"spec/overlays/information/1.0","language":"en","attribute_information":{"ANIMAL_ID":"INTERBULL REGISTRATION CODE WHICH HAS EXACTLY 19 CHARACTERS. MADE UP OF FOUR COMPONENTS: BREED (3), COUNTRY (3), SEX(1), REGISTRATION NUMBER(12)","DATE_OF_GENOTYPE_TEST":"","FILE_TYPE":"","GENOTYPE":"USING THE CDCB FORMAT ; THE GENOTYPE IS A VARIABLE LENGTH STRING OF 0,1,2,5 INDICATING SNP GENOTYPES OF BB, AB, AA, -- (1 BYTE PER SNP, NO COMMAS BETWEEN SNPS). FOR EXAMPLE '01252010250211110025.......'.","IMPUTATION_USED_TO_GENERATE_DATA":"YES or NO","PANEL_TYPE_BEFORE_IMPUTATION":"","PROJECT":"","SAMPLE_ID":"UNIQUELY IDENTIFIES GENOTYPE (ie. SENTRIX CODE); DO NOT USE THE ANIMAL_ID (REGISTRATION NUM) TO ALLOW FOR MULTIPLE GENOTYPES PER ANIMAL IF REQUIRED","SNP_CHIP_PANEL_TYPE":"","SOURCE_OF_DATA":"See contacts list under 'Source of Data' column","TRANSACTION_TYPE":""}}