{"capture_base":"EOL30trcT6Ce7zyxj2QfV5JOVKH5sfXVXOJdsBhoh6vI","digest":"EVRBJKKLTrgOgoLDN0iKz24klj6Ao_SHZsF9M4pvUbgY","type":"spec/overlays/label/1.0","language":"en","attribute_labels":{"ANIMAL_ID":"ANIMAL_ID","DATE_OF_GENOTYPE_TEST":"DATE_OF_GENOTYPE_TEST","FILE_TYPE":"FILE_TYPE","GENOTYPE":"GENOTYPE","IMPUTATION_USED_TO_GENERATE_DATA":"IMPUTATION_USED_TO_GENERATE_DATA","PANEL_TYPE_BEFORE_IMPUTATION":"PANEL_TYPE_BEFORE_IMPUTATION","PROJECT":"PROJECT","SAMPLE_ID":"SAMPLE_ID","SNP_CHIP_PANEL_TYPE":"SNP_CHIP_PANEL_TYPE","SOURCE_OF_DATA":"SOURCE_OF_DATA","TRANSACTION_TYPE":"TRANSACTION_TYPE"},"attribute_categories":[],"category_labels":{}}