{
  "files": {
    "EOL30trcT6Ce7zyxj2QfV5JOVKH5sfXVXOJdsBhoh6vI": {
      "character_encoding": "ERpREYa0K5_cCUKhpTdjqnFRcrT7YW3VvQ1OjZyOgSpE",
      "conformance": "EiEoX0KsQqLEuqu0RXb3dJMYdkE8eYXmOw6NDY9X9J7U",
      "entry (en)": "EezMLqk4brFrEQ2GSXm6YxzAqoF11aNwrxTt5j2zqy00",
      "entry_code": "EN7JzZkAFgfPCPL4XMISP_a4Yro2XXZCLzGiivnRw1BY",
      "information (en)": "Ersu-KzbK_Bi8yCxhjTB_4UXXpdFRsCFf-OtLs7HokLw",
      "label (en)": "EVRBJKKLTrgOgoLDN0iKz24klj6Ao_SHZsF9M4pvUbgY",
      "meta (en)": "EbXS1-PaSbc4whUAdnBr3Ct442ELMrxtSyhiZQuyabA0"
    }
  },
  "root": "EOL30trcT6Ce7zyxj2QfV5JOVKH5sfXVXOJdsBhoh6vI"
}