{"capture_base":"ElJSLvchpioBvld5vgWbQZDNizvdAE6JIUOn0ov6vl8o","digest":"E45yRck7THcHk5X2_85oAbhtCDd6WkbSeV3gmOBjBMnI","type":"spec/overlays/information/1.0","language":"en","attribute_information":{"Act_1.1":"","Act_1.3":"","Act_1.4":"","Act_2.1":"","City":"Name of the city where the soil sample was taken","Collected":"Date soil sample was collected","Host_Plant":"Host plant name","Isolations_Made?":"Were Isolations made?","Label":"","Label_original":"Original label of soil sample","Lat":"Latitude of location where soil sample was taken","Long":"Longitude of location where soil sample was taken","Notes":"Notes","Province":"Statistics Canada codes and provinces","Received":"Date soil sample was received","Storage":"Storage unit and temperature samples were stored at","Subsample_to_Corradi_Lab":"Was a subsample sent to Corradi Lab? If so, what date was it sent?","Subsample_to_Scott_lab":"Was a subsample sent to Scott Lab? If so, what date was it sent?"}}