{"capture_base":"Ert6ARBNBNZKjjSrpustkRJSTUXc-zizq6i4qzGhkPLI","digest":"Eb_UXqj8giITpeGJxOGib-vRKAem0cWTcnYlbzDF6Nzs","type":"spec/overlays/entry/1.0","language":"en","attribute_entries":{"Act_1.1":{"No":"No","Yes":"Yes"},"Act_1.3":{"No":"No","Yes":"Yes"},"Act_1.4":{"No":"No","Yes":"Yes"},"Act_2.1":{"No":"No","Yes":"Yes"},"City":{"Addison":"Addison","Arnaud":"Arnaud","Bagot":"Bagot","Balmoral":"Balmoral","Bath":"Bath","Bornholm":"Bornholm","Brampton":"Brampton","Brandon":"Brandon","Caledon":"Caledon","Carman":"Carman","Cartwright":"Cartwright","Central Elgin":"Central Elgin","Dublin":"Dublin","Exeter":"Exeter","Francis":"Francis","Glenlea":"Glenlea","Granton":"Granton","Kingston":"Kingston","Lacombe":"Lacombe","Lanigan":"Lanigan","MacGregor":"MacGregor","Melita":"Melita","Minto":"Minto","NA":"NA","Oak Lake":"Oak Lake","Paris (Brant County)":"Paris (Brant County)","Parkbeg":"Parkbeg","Phillips Farm":"Phillips Farm","Portage la Prairie":"Portage la Prairie","St. George (Brant County)":"St. George (Brant County)","St. Pierre Jolys":"St. Pierre Jolys","Wawanesa":"Wawanesa","Wawota":"Wawota","Winchester":"Winchester"},"Province":{"10":"Newfoundland and Labrador","11":"Prince Edward Island","12":"Nova Scotia","13":"New Brunswick","24":"Quebec","35":"Ontario","46":"Manitoba","47":"Saskatchewan","48":"Alberta","59":"British Columbia","60":"Yukon","61":"Northwest Territories","62":"Nunavut"}}}