{"capture_base":"ElJSLvchpioBvld5vgWbQZDNizvdAE6JIUOn0ov6vl8o","digest":"EglobD3IZ91FZsOA4MLKuEeRUNrL8ar2Z8JIMmhnopT8","type":"spec/overlays/entry/1.0","language":"en","attribute_entries":{"Act_1.1":{"No":"No","Yes":"Yes"},"Act_1.3":{"No":"No","Yes":"Yes"},"Act_1.4":{"No":"No","Yes":"Yes"},"Act_2.1":{"No":"No","Yes":"Yes"},"Province":{"10":"Newfoundland and Labrador","11":"Prince Edward Island","12":"Nova Scotia","13":"New Brunswick","24":"Quebec","35":"Ontario","46":"Manitoba","47":"Saskatchewan","48":"Alberta","59":"British Columbia","60":"Yukon","61":"Northwest Territories","62":"Nunavut"}}}