{"type":"spec/capture_base/1.0","digest":"ElJSLvchpioBvld5vgWbQZDNizvdAE6JIUOn0ov6vl8o","classification":"RDF105","attributes":{"Act_1.1":"Binary","Act_1.3":"Binary","Act_1.4":"Binary","Act_2.1":"Binary","City":"Text","Collected":"DateTime","Host_Plant":"Text","Isolations_Made?":"Text","Label":"Text","Label_original":"Text","Lat":"Numeric","Long":"Numeric","Notes":"Text","Province":"Text","Received":"DateTime","Storage":"Text","Subsample_to_Corradi_Lab":"Text","Subsample_to_Scott_lab":"Text"},"flagged_attributes":["Lat","Long"]}