{"capture_base":"Ert6ARBNBNZKjjSrpustkRJSTUXc-zizq6i4qzGhkPLI","digest":"EOdSBxXgYO4OpL2f2B9_wM7FGdWoyrBCp2d9HyKUuKLw","type":"spec/overlays/entry_code/1.0","attribute_entry_codes":{"Act_1.1":["Yes","No"],"Act_1.3":["Yes","No"],"Act_1.4":["Yes","No"],"Act_2.1":["Yes","No"],"City":["Portage la Prairie","Brandon","Parkbeg","Wawota","Lanigan","Francis","Melita","Carman","NA","Glenlea","Minto","Wawanesa","Balmoral","Oak Lake","MacGregor","Cartwright","Bagot","Exeter","Granton","Addison","Winchester","Bath","Kingston","Lacombe","Central Elgin","Caledon","Brampton","Bornholm","St. George (Brant County)","Paris (Brant County)","Dublin","Arnaud","Balmoral","St. Pierre Jolys","Phillips Farm"],"Province":["46","47","48","10","11","12","13","24","35","59","60","61","62"]}}