{"type":"spec/capture_base/1.0","digest":"Ert6ARBNBNZKjjSrpustkRJSTUXc-zizq6i4qzGhkPLI","classification":"RDF105","attributes":{"Act_1.1":"Boolean","Act_1.3":"Boolean","Act_1.4":"Boolean","Act_2.1":"Boolean","City":"Text","Collected":"DateTime","Host_Plant":"Text","Isolations_Made?":"Text","Label":"Text","Label_original":"Text","Lat":"Numeric","Long":"Numeric","Notes":"Text","Province":"Text","Received":"DateTime","Storage":"Text","Subsample_to_Corradi_Lab":"Text","Subsample_to_Scott_lab":"Text"},"flagged_attributes":["Lat","Long"]}