{"capture_base":"Ert6ARBNBNZKjjSrpustkRJSTUXc-zizq6i4qzGhkPLI","digest":"ETs_15A1Mqs_pBJHVj6eCbrzvMJ67yYo_ZY9haEetva0","type":"spec/overlays/label/1.0","language":"en","attribute_labels":{"Act_1.1":"Act_1.1","Act_1.3":"Act_1.3","Act_1.4":"Act_1.4","Act_2.1":"Act_2.1","City":"City","Collected":"Collected","Host_Plant":"Host_Plant","Isolations_Made?":"Isolations_Made?","Label":"Label","Label_original":"Label_original","Lat":"Lat","Long":"Long","Notes":"Notes","Province":"Province","Received":"Received","Storage":"Storage","Subsample_to_Corradi_Lab":"Subsample_to_Corradi_Lab","Subsample_to_Scott_lab":"Subsample_to_Scott_lab"},"attribute_categories":[],"category_labels":{}}