{"capture_base":"Ert6ARBNBNZKjjSrpustkRJSTUXc-zizq6i4qzGhkPLI","digest":"EySSNlivnOpgiFFbFjmm2PT9RlF0rgTPFzRVr_jGHnsQ","type":"spec/overlays/character_encoding/1.0","default_character_encoding":"utf-8","attribute_character_encoding":{"Act_1.1":"utf-8","Act_1.3":"utf-8","Act_1.4":"utf-8","Act_2.1":"utf-8","City":"utf-8","Collected":"utf-8","Host_Plant":"utf-8","Isolations_Made?":"utf-8","Label":"utf-8","Label_original":"utf-8","Lat":"utf-8","Long":"utf-8","Notes":"utf-8","Province":"utf-8","Received":"utf-8","Storage":"utf-8","Subsample_to_Corradi_Lab":"utf-8","Subsample_to_Scott_lab":"utf-8"}}