{
  "files": {
    "Ert6ARBNBNZKjjSrpustkRJSTUXc-zizq6i4qzGhkPLI": {
      "character_encoding": "EySSNlivnOpgiFFbFjmm2PT9RlF0rgTPFzRVr_jGHnsQ",
      "conformance": "EH6M94ys4hG2FZafJkE0ilzK06eeN4krJ38MjVEFeu5c",
      "entry (en)": "Eb_UXqj8giITpeGJxOGib-vRKAem0cWTcnYlbzDF6Nzs",
      "entry_code": "EOdSBxXgYO4OpL2f2B9_wM7FGdWoyrBCp2d9HyKUuKLw",
      "format": "Esul5Q-_GT_Lm0IdKyPQxsG9m2EW8dcji37uOmj61WMk",
      "information (en)": "EDpIfLr9MizKM6jsk076ySV9AW9T_aw15piapFJtjfdU",
      "label (en)": "ETs_15A1Mqs_pBJHVj6eCbrzvMJ67yYo_ZY9haEetva0",
      "meta (en)": "EiXcYHSOkklA4Wb1v9N3l7aSdPEq6ELLBfooJqcUlR4Y"
    }
  },
  "root": "Ert6ARBNBNZKjjSrpustkRJSTUXc-zizq6i4qzGhkPLI"
}