{
  "files": {
    "ElJSLvchpioBvld5vgWbQZDNizvdAE6JIUOn0ov6vl8o": {
      "character_encoding": "E4a90B0WzpF734JGWHUSF9dQFcwc7FRFxOcvTEpoRMzk",
      "conformance": "ECFKjoZxsau8SsulcsExEDaXHtR-WPiDOwkXTBJZ74CI",
      "entry (en)": "EglobD3IZ91FZsOA4MLKuEeRUNrL8ar2Z8JIMmhnopT8",
      "entry_code": "ESLyiNXflmmInhkii8ZT5o6gdStPR0ph41JywGT593gw",
      "information (en)": "E45yRck7THcHk5X2_85oAbhtCDd6WkbSeV3gmOBjBMnI",
      "label (en)": "EDdGi3FQI1TOTFjPxqGk9GGDsHuvq95y-OJ2HFmgFPvk",
      "meta (en)": "E2fENDRc_7TX30eAhAvmjM8TI5K39Ghz9q-z9eibdTgM"
    }
  },
  "root": "ElJSLvchpioBvld5vgWbQZDNizvdAE6JIUOn0ov6vl8o"
}